36311543,Installation Of Colposcope For Gynecology And Obs,Refer Document,28-11-2020,"West Bengal, India"
36311575,Purchase And Installation Of Laparoscopy And Hysteroscopy Set For The Dept Of Gyanecology And Obs,INR12.00Lacs,28-11-2020,"West Bengal, India"
36319123,Purchase And Installation Of Surgical Diathermy Machine For The Dept. Of Gynaecology And Obs,INR7.00Lacs,28-11-2020,"West Bengal, India"
36319168,Purchase And Installation Of Endoscope And Endoscopic Camera With Light Source Set For The Dept. Of Ent,Refer Document,28-11-2020,"West Bengal, India"
36319282,Purchase And Installation Of Fully Automated Immunology Analyzer Machine For The Dept. Of Micro Biology,Refer Document,28-11-2020,"West Bengal, India"
37040646,"Purchase Of Consumables Forv Ent Department - Shah Gromet Ventilation Tubes, 10-1003,Teflon Piston, 10-1003 Teflon Piston, Microscope Cover, Surgikit, Abgel, Opsite, Vicryl 3.0, Vicryl 4.0, 2.0 Silk, Blade No.15, No.11, Blade No.12, No.1 Silk, Romavac Suction, Bipolar And Mono Polar Cautery Lead, X Ray Detectable Abdominal Pad, Ventilator Tubings With Hme Filter, Ventilator Tubings With Hme Filter Flexicare, Rey Tubes, Septal Clips, Merocel ® 10 Cm (Nasal Dressing), Surgicel, Bone Vax, Portex Do.....",Refer Document,28-11-2020,"Kerala, India"
36877712,Suppy And Installation Of Physiotherapy EquipmentS Of Pmr Department,Refer Document,28-11-2020,"Manipur, India"
36877723,Supply And Installation Of Video Colpscope With Image Management System With Accessories,Refer Document,28-11-2020,"Manipur, India"
36876858,Supply Of Dialysis EquipmentS.,Refer Document,28-11-2020,"Kerala, India"
36981300,Corrigendum : Supply Of Anaesthesia Set Up And Surgery Room Accessories For Small Animals,Refer Document,28-11-2020,"Kerala, India"
37095601,"Procurement Of Medical/Dental Stores - 0.022 Mbt Appliance With Upper Triple & Lower Double 1st Molar Tube, 0.022 Ceramic Bracket Kit With 1st & 2nd Molar Tube, Self Ligating 0.022 Orthodontic Bracket With 1st Molar Tube , 0.012 Preformed Niti Upper Arch Wire, 0.012 Preformed Niti Lower Arch Wire, 0.014 Preformed Niti Upper Arch Wire, 0.014 Preformed Niti Lower Arch Wire, 0.016 Preformed Niti Upper Arch Wire, 0.016 Preformed Niti Lower Arch Wire, 0.016 X0.022 Preformed Niti Upper Arch Wire, 0......",Refer Document,28-11-2020,"Rajasthan, India"
37162957,"Procurement Of Consumable Medical Stores For Dept Of Pathology - Truenat Real Time Pcr (Polymerase Chain Reaction) Combo Kit For Novel Coronavirus(Sars-Cov-2/Covid-19) Quantitative 50 Tests Or Rxn (Truenat) (Truenat Covid-19(Combo)) Contains (I) Trueprep Auto Universal Pre-Treatment Pack, (Ii) Treuprep Auto Universal Cartridge Based Sample Prep Kit , (Iii) Trueprep Auto Transport Medium For Swap Specimen Pack , (Iv) Truenat Covid",Refer Document,28-11-2020,"Andhra Pradesh, India"
36943430,Purchase Of Non Expendable Medical Stores For Dglp Rfp 045 - Hand Foot Photo Therapy Unit.,Refer Document,28-11-2020,"Maharashtra, India"
37124909,Invitation Of Online Bids For Purchase Of Expendable Medical Stores Out Of Dglpechs Fund,Refer Document,28-11-2020,"Madhya Pradesh, India"
36876383,"Procurement Of 06 Niv Expendable Medical Stores For Department Of Nephrology - Tab Tolvaptan Resodium 15 Mg, Mycophenolate Mofetil Powder For Oral Suspension, Sachet Fosfomycine Tromethamine 3gm, Tab Ferric Citrate 1 Gm, Tab Feropenum 200 Mg, Dual Lumen Hemodialusis Kit With Curved Extension.",Refer Document,28-11-2020,"Maharashtra, India"
36876399,Procurement Of Hmsa 140sterilant Agent For Human Meditek Plasma Sterilizer,Refer Document,28-11-2020,"Maharashtra, India"
36886739,Procurement Of 04 Niv Expendable Medical Stores For Department Of Dermatology,Refer Document,28-11-2020,"Maharashtra, India"
37069282,Supply Of Pressure Infusion Bags 500 Ml,Refer Document,28-11-2020,"Maharashtra, India"
37103925,"Procurement Of Drugs And Consumables : 1.01 Rapid Exchange Thrombus Aspiration Catheter System 1.02 High Pressure 2 Port Manifold 1.03 High Pressure 3 Port Manifold 1.04 Non Ionic Iso-Osmolar Iodinated Contrast 320mg/Ml 100 Ml Vial 1.05 Pericardiocentesis Set 1.06 Hydrophilic Angiography Catheter Multipurpose With End Hole & Side Hole Assorted Size 1.07 Angio Burman Assorted Size 1.08 Ptca ‘Y’ Connector Kit (Coronary Introducer Needle, Torquer & Push Pull Y Connector) 1.09 Rota Link Plus (Advanc.....",INR15.00Lacs,28-11-2020,"Jammu And Kashmir, India"
37131066,"Supply Of Non Expendable Medical Stores - Apparatus Anaesthetic Face Mask (Antistatic) With, Air Cushion (Transparent) Size 3 Adult With Valve, Apparatus Anaesthetic Face Mask (Antistatic) With Air Cushion ( Transparent) Size 4, Cylinder Oxygen (O2) Coir Cover For, Forceps Endo Tracheal For Introducing Endo Tracheal Tubes Adult Size, Steriliser Steam High Pressure Heater Four Burners, Spare Burner For, Clamp, Intestine, 10 Cm Blades, Forceps, Bone Cutting, 25cm, Forceps Sponge Holding With Serra.....",Refer Document,28-11-2020,"Delhi, India"
36311543,Installation Of Colposcope For Gynecology And Obs,Refer Document,28-11-2020,"West Bengal, India"
36311575,Purchase And Installation Of Laparoscopy And Hysteroscopy Set For The Dept Of Gyanecology And Obs,INR12.00Lacs,28-11-2020,"West Bengal, India"
36319123,Purchase And Installation Of Surgical Diathermy Machine For The Dept. Of Gynaecology And Obs,INR7.00Lacs,28-11-2020,"West Bengal, India"
36319168,Purchase And Installation Of Endoscope And Endoscopic Camera With Light Source Set For The Dept. Of Ent,Refer Document,28-11-2020,"West Bengal, India"
36319282,Purchase And Installation Of Fully Automated Immunology Analyzer Machine For The Dept. Of Micro Biology,Refer Document,28-11-2020,"West Bengal, India"
37040646,"Purchase Of Consumables Forv Ent Department - Shah Gromet Ventilation Tubes, 10-1003,Teflon Piston, 10-1003 Teflon Piston, Microscope Cover, Surgikit, Abgel, Opsite, Vicryl 3.0, Vicryl 4.0, 2.0 Silk, Blade No.15, No.11, Blade No.12, No.1 Silk, Romavac Suction, Bipolar And Mono Polar Cautery Lead, X Ray Detectable Abdominal Pad, Ventilator Tubings With Hme Filter, Ventilator Tubings With Hme Filter Flexicare, Rey Tubes, Septal Clips, Merocel ® 10 Cm (Nasal Dressing), Surgicel, Bone Vax, Portex Do.....",Refer Document,28-11-2020,"Kerala, India"
36877712,Suppy And Installation Of Physiotherapy EquipmentS Of Pmr Department,Refer Document,28-11-2020,"Manipur, India"
36877723,Supply And Installation Of Video Colpscope With Image Management System With Accessories,Refer Document,28-11-2020,"Manipur, India"
36876858,Supply Of Dialysis EquipmentS.,Refer Document,28-11-2020,"Kerala, India"
36981300,Corrigendum : Supply Of Anaesthesia Set Up And Surgery Room Accessories For Small Animals,Refer Document,28-11-2020,"Kerala, India"
37095601,"Procurement Of Medical/Dental Stores - 0.022 Mbt Appliance With Upper Triple & Lower Double 1st Molar Tube, 0.022 Ceramic Bracket Kit With 1st & 2nd Molar Tube, Self Ligating 0.022 Orthodontic Bracket With 1st Molar Tube , 0.012 Preformed Niti Upper Arch Wire, 0.012 Preformed Niti Lower Arch Wire, 0.014 Preformed Niti Upper Arch Wire, 0.014 Preformed Niti Lower Arch Wire, 0.016 Preformed Niti Upper Arch Wire, 0.016 Preformed Niti Lower Arch Wire, 0.016 X0.022 Preformed Niti Upper Arch Wire, 0......",Refer Document,28-11-2020,"Rajasthan, India"
37162957,"Procurement Of Consumable Medical Stores For Dept Of Pathology - Truenat Real Time Pcr (Polymerase Chain Reaction) Combo Kit For Novel Coronavirus(Sars-Cov-2/Covid-19) Quantitative 50 Tests Or Rxn (Truenat) (Truenat Covid-19(Combo)) Contains (I) Trueprep Auto Universal Pre-Treatment Pack, (Ii) Treuprep Auto Universal Cartridge Based Sample Prep Kit , (Iii) Trueprep Auto Transport Medium For Swap Specimen Pack , (Iv) Truenat Covid",Refer Document,28-11-2020,"Andhra Pradesh, India"
36943430,Purchase Of Non Expendable Medical Stores For Dglp Rfp 045 - Hand Foot Photo Therapy Unit.,Refer Document,28-11-2020,"Maharashtra, India"
37124909,Invitation Of Online Bids For Purchase Of Expendable Medical Stores Out Of Dglpechs Fund,Refer Document,28-11-2020,"Madhya Pradesh, India"
36876383,"Procurement Of 06 Niv Expendable Medical Stores For Department Of Nephrology - Tab Tolvaptan Resodium 15 Mg, Mycophenolate Mofetil Powder For Oral Suspension, Sachet Fosfomycine Tromethamine 3gm, Tab Ferric Citrate 1 Gm, Tab Feropenum 200 Mg, Dual Lumen Hemodialusis Kit With Curved Extension.",Refer Document,28-11-2020,"Maharashtra, India"
36876399,Procurement Of Hmsa 140sterilant Agent For Human Meditek Plasma Sterilizer,Refer Document,28-11-2020,"Maharashtra, India"
36886739,Procurement Of 04 Niv Expendable Medical Stores For Department Of Dermatology,Refer Document,28-11-2020,"Maharashtra, India"
37069282,Supply Of Pressure Infusion Bags 500 Ml,Refer Document,28-11-2020,"Maharashtra, India"
37103925,"Procurement Of Drugs And Consumables : 1.01 Rapid Exchange Thrombus Aspiration Catheter System 1.02 High Pressure 2 Port Manifold 1.03 High Pressure 3 Port Manifold 1.04 Non Ionic Iso-Osmolar Iodinated Contrast 320mg/Ml 100 Ml Vial 1.05 Pericardiocentesis Set 1.06 Hydrophilic Angiography Catheter Multipurpose With End Hole & Side Hole Assorted Size 1.07 Angio Burman Assorted Size 1.08 Ptca ‘Y’ Connector Kit (Coronary Introducer Needle, Torquer & Push Pull Y Connector) 1.09 Rota Link Plus (Advanc.....",INR15.00Lacs,28-11-2020,"Jammu And Kashmir, India"
37131066,"Supply Of Non Expendable Medical Stores - Apparatus Anaesthetic Face Mask (Antistatic) With, Air Cushion (Transparent) Size 3 Adult With Valve, Apparatus Anaesthetic Face Mask (Antistatic) With Air Cushion ( Transparent) Size 4, Cylinder Oxygen (O2) Coir Cover For, Forceps Endo Tracheal For Introducing Endo Tracheal Tubes Adult Size, Steriliser Steam High Pressure Heater Four Burners, Spare Burner For, Clamp, Intestine, 10 Cm Blades, Forceps, Bone Cutting, 25cm, Forceps Sponge Holding With Serra.....",Refer Document,28-11-2020,"Delhi, India"
37152501,"Procurement Of 03 Pvms Expendable Medical Stores For Drugs Section - Methyldopa Tab 250mg, Isosfamide Inj 1g Vial With 3 Amp Of 2 Ml Each Mesna, Papaverine Hydrochloride 50 Mg, 2 Ml Inj",Refer Document,28-11-2020,"Maharashtra, India"
36246750,"Purchase & Installation Of Various Types Of Medical Equipment - Elisa Reader & 96 Well Elisa Plate Washer, Fully Automated Immunology Analyzer, Laparoscopy And Hysteroscopy, Colposcope, Surgical Diathermy Machine, Vessel Sealing System, New Generation External Fixator For Deformity Correction Of Limbs, Foot, Ankle & Knee Joint, Pneumatic Tourniquets Along With Machine, Electric Bone Drilling System, Endoscopes & Endoscopic Camera With Light Source Set.",Refer Document,28-11-2020,"West Bengal, India"
36734053,Purchase Of Medical Equipment For The Year 2020-21 - Autopsy Saw With Vacuum Dust Collector,Refer Document,28-11-2020,"Puducherry, India"
36797050,"Tender For Supply And Installation Of Equipment- Intermittent Cervical Traction, Intermittent Lumbar Traction, Electrical Stimulator, Ultrasound, Short Wave Diathermy, Ten (Digital), Hydro Collator With Hot Packs Of Different Size For Physiotherapy.",Refer Document,28-11-2020,"Manipur, India"
36822941,"Tender For Supply And Installation Of Physiotherapy Equipment For Pmr Department - Intermittent Cervical Traction, Intermittent Lumbar Traction, Electrical Stimulator, Ultrasound, Short Wave Diathermy, Ten (Digital), Hydro Collator With Hot Packs Of Different Size",Refer Document,r Document,"Manipur, India"
36850474,Supply And Installation Of Video Colposcope With Accessories For Obst & Gynaecology Department.,Refer Document,28-11-2020,"Manipur, India"
36878260,"Supply & Installation Of Sncu & Other Equipment Under Child Health Programme, Kdl/Eqpt(2)/Tnd/Chp/Sncu/02/2020-21 - Gowns For Staff And Mothers, Infantometer, Plexi, 3½Ft/105cm, Voltage Servo-Stabiliser (Three Phase): 25-50 Kva, Warming Mattress.",Refer Document,28-11-2020,"Karnataka, India"
36878262,"Tender For Supply & Installation Of Child Health EquipmentS, Kdl/Eqpt(2)/Tnd/Che/11/2020-21 : 1. Bilirubinometer, Total Bilirubin, Capillary Based / Transcutaneous 2. Bronchoscopy-Foreign Body Extraction Forceps 3. Bubble Cpap With Blender 4. Infusion Pumps (Volumetric), 10,20,50 Ml Single Phase 5. Iv Fluid Warmer 6. Laryngoscope Set, Neonate 7. Monitor, Vital Sign, Nibp, Hr, Spo2, Ecg, Rr, Temp 8. Neonatal Cystoscopy 9. Oxygen Hood, S And M, Set Of 3 Each, Including Connecting Tubes",Refer Document,28-11-2020,"Karnataka, India"
36878286,"Tender For Supply & Installation Of Ventilators And Other Eqpts Under Child Health Programme, Kdl/Eqpt(2)/Tnd/Ch/Vent & Other Eqpt/12/2020-21 - Basic Ventilator",Refer Document,28-11-2020,"Karnataka, India"
36881569,Supply Of A-Scan,INR3.00Lacs,28-11-2020,"Puducherry, India"
36905554,"Supply Of Pulmonology Medical EquipmentS - Rigid Bronchoscope Set For Adult, Medial Thoracoscope.",INR48.00Lacs,28-11-2020,"Telangana, India"
37003838,Supply Of Ptca Accessories Extra Support 0.014x 170cm/180cm/190cm. Unit:No,Refer Document,28-11-2020,"Tamil Nadu, India"
37004248,Supply Of Ptca Accessories Extra Support 0.014x 170cm/180cm/190cm. Unit:No,Refer Document,28-11-2020,"Tamil Nadu, India"
37096572,Procurement Of Pvms No Niv 3d Or 4d Ultrasound Colour Doppler Machine Request For Proposal.,Refer Document,28-11-2020,"Multi State, India"
37096603,Supply Of Point Of Care Diagnostic Test Kits - Hepatitis C Virus (Hcv) Rapid Test Kits,Refer Document,28-11-2020,Multi Location
37096638,Supply Of Intubating Laryngoscope For Anesthesia Procedures,Refer Document,28-11-2020,"Bihar, India"
37096795,Supply Of Ultrasound Scanning Machine.,Refer Document,28-11-2020,Multi Location
37096845,Supply Of Intubating Laryngoscope For Anesthesia Procedures.,Refer Document,28-11-2020,"Tripura, India"
37097082,Supply Of Pressure Extension Tubes For Medical Purposes.,Refer Document,28-11-2020,"Madhya Pradesh, India"
37097547,Supply Of Anaesthesia Workstation,Refer Document,28-11-2020,"Madhya Pradesh, India"
37181358,"Supply, Installation, Operation And Maintenance Of Neuro Navigation System Intra Operative Neuro Monitoring System And Operating Neuro Surigical Microscope And Other Neuro Equipment On Revenue Sharing Basis.",Refer Document,r Document,"Maharashtra, India"
37188773,Supply Of Oxygen Concentrator.,Refer Document,28-11-2020,"Jammu And Kashmir, India"
37188849,Supply Of Pulse Oximeter.,INR1.00Lacs,28-11-2020,"Jammu And Kashmir, India"
37216124,"Supply Of Spray Machine Electric Charger, Newan Antilarwa, Malethione Liquid, Temifast, Hypochloride, Thermal Scanning/Pluse Oximeter, Harpic, Phenyl, Tezab, Odonil, Phenyl Goli, Favda Tata, King Faag, Uniform/Saree Katan, Sweater, Malthione Powder, Bleaching Powder, Lime White Powder. (Hindi Image)",Refer Document,r Document,"Uttar Pradesh, India"
37236639,Supply Of Cardiac Monitor With Defibrillator,Refer Document,28-11-2020,"Gujarat, India"
37236892,Supply Of Multipara Monitor - Low End,Refer Document,28-11-2020,"Gujarat, India"
37250661,Supply Of Real Time Pcr (Polymerase Chain Reaction) Kits For Novel Coronavirus (Sars-Cov-2/Covid-19),Refer Document,28-11-2020,"Andaman And Nicobar Islands, India"
37147186,"Provision Of Covid Related Equipment To Civil Administration Of Samba Under Operation Sadbhavana Proj For The Fy 2020-21 - Medical Camp - 3 Ply Mask, Disposable Shoe Cover, Hand Sanitizer 50 Ml, Hand Sanitizer 100ml, Hand Sanitizer 500ml, Sodium Hypochloride 10%, Ppe Kit, Face Shield, Antigen Kit (1x25 Test), Portable Ventilator,",INR5.50Lacs,27-11-2020,"Jammu And Kashmir, India"
36661647,Corrigendum : Supply And Installation Syringe Infusion Pump,Refer Document,27-11-2020,"Uttar Pradesh, India"
36661817,Corrigendum : Supply And Installation Of Multipara Monitor 7 Para,Refer Document,27-11-2020,"Uttar Pradesh, India"
36661827,Corrigendum : Supply And Installation 12 Channel Ecg Machine,Refer Document,27-11-2020,"Uttar Pradesh, India"
36769863,"Providing Medical Itam For Corona Care - Sanitizar, N 95 Mask , Hare Cap, Hand Gloves, Surgical Mask, Face Shild",Refer Document,27-11-2020,"Maharashtra, India"
36871016,Supply And Commissioning Of Digital Blood Pressure Monitor Under India Hypertension Control Initiative Programme,Refer Document,27-11-2020,"West Bengal, India"
36908429,Supply And Installation Video Laryngoscope,Refer Document,27-11-2020,"Uttar Pradesh, India"
36873208,"E Tender For The Supply Of Pulmonology Medical Equipment : Rigid Bronchoscope Set For Adult, Medical Thoracoscope 10 Mm",INR48.00Lacs,27-11-2020,"Telangana, India"
37227744,Supply Of Nasogastric Tubes Levins And Ryles Tube,Refer Document,27-11-2020,"Chhattisgarh, India"
37227784,"Supply Of Urethral Urinary Catheters Or Foley Catheter,Urethral Urinary Catheters Or Foley Catheter,Urethral U",Refer Document,27-11-2020,"Telangana, India"
37227804,Supply Of Automatic External Defibrillator (Aed),Refer Document,27-11-2020,"Andhra Pradesh, India"
37043071,"Supply Of Covid 19 Kits - Pulse Oximeter (Romson) 204, Dr. Trust, Bpl Smart Oxy 04, Accusure, Choice Mmed, Digital Thermometer, Omron-Hi Focus, Ai Care, Savlon Hexa Pro Hand Sanitizer Bottle 500 Ml, Masonic Fluid Resistance Clear Full Face Shield ( 1 Pack Containing 5 Number), Breathe Safe 3 Ply Surgical Face Mask, Bfe & Pfe> 98% ( 1 Pack Containing 50 Pieces), Diviya White Hand Gloves (1 Pack Containing 20 Numbers)",Refer Document,27-11-2020,"Jammu And Kashmir, India"
36953198,Supply Of 1490 Numbers Of Thermal Strips For Assessing The Temperature Of Water Used For Thawing Of Bovine Frozen Semen Doses To Various Units Of The Department Of Animal Husb,Refer Document,27-11-2020,"Tamil Nadu, India"
36953223,Supply Of 975 Artificial Insemination Guns For Artificial Insemination In Bovines To Various Units Of The Department Of Animal Husbandry In The Districts Of Tamilnadu,Refer Document,27-11-2020,"Tamil Nadu, India"
36886315,Supply Of Microscope With Tubular Camera Lucida Drawing,Refer Document,27-11-2020,"Maharashtra, India"
36871095,Procurement Of Portable Usg With Doppler,Refer Document,27-11-2020,"West Bengal, India"
36871176,Procurement Of Colposcope System,Refer Document,27-11-2020,"West Bengal, India"
37116332,"Supply, Installation And Commissioning Of X-Ray Film Digitizer Along With Accessories And High Resolution Monitor. Qty.-01 No",INR59.84Lacs,27-11-2020,"Maharashtra, India"
36820057,Procurement Of Machinery And Equipment For Department 0f Psychiatry Dyspgmc Nahan - Medical EquipmentS/Waste,INR20.00Lacs,27-11-2020,"Himachal Pradesh, India"
36820058,Procurement Of Machinery And Equipment For Department 0f Anesthesiology Dyspgmc Nahan - Medical EquipmentS/Waste,INR20.00Lacs,27-11-2020,"Himachal Pradesh, India"
36993552,"Supply Of Maternity O.T. Instruments - Kockers Clamp, Artery Forceps, Tooth Forceps, Non Tooth Forceps, Tissue Cutting Scissor, C-Zerny Retractor, Mayoma Screw, Deaver Retractor, Intestinal Clamp, Episiotomy Scissor, Langenback Retractor",INR2.30Lacs,27-11-2020,"Uttar Pradesh, India"
37078627,"Procurement Of Med/Dental - Fluoride Gel Tooth Mousse, Self Etching And Bonding Agent , Sterile Surgical Blade Size 15 , Rubber Base Impression Material Putty, Fibre Splint , Inj Lignocaine With Adrenaline 2ml Cartridge Box Of 50 , Rolls Absorbent Cotton Dental Assorted , Mask Operating Surgeons Box Of 50 , Cavity Liner Calcium Hydroxide Based, Gel For Root Canal Preparation Edta, Calcium Hydroxide Based Root Canal Sealer ( Pkt Of Two Tubes) , Povidone Iodine Solution 5% Bottle Of 100ml , Syr.....",Refer Document,27-11-2020,"Rajasthan, India"
36850416,"Local Purchase Of Medical EquipmentS - Phenobarbitone 30 Mg/Ml Bott Of 60 Ml Syp, Iron Drop Paediatric Bott Of 15ml, N-4 Igs Solution 500ml, Isotonic Glucose Saline N-5 In Bt 500 Ml, Aminoven 10% 500ml Inj, Natural Surfactant 25 To 80 Mg / Ml Inj, I Gel Size 0 (Supraglottic Airway), Set Infusion Microdrip Presterilised Disposable For Paediatric Use., Tube Endo-Tracheal Nasal Size 3.5 Without Cuff, Ram Cannula Small, Ram Cannula Micro, Foleys Catheter Silicon Coated 10fg, Endotracheal Tube Size- .....",Refer Document,27-11-2020,"Uttarakhand, India"
37234502,"Supply Of Medical Stores To Command Hospital (Cc), Lucknow : Medical EquipmentS/Waste",INR10.00Lacs,27-11-2020,"Uttar Pradesh, India"
37041310,"Supply Of Expendable Medical Stores - Patients Drape, Korsolex Rapid For Cold Sterilization, Antiseptic Chlorhexidine Gel Tube Of 15g, Desensitising Tooth Paste., Edta Gel Pkt Of 02 Tubes(3.2 G Each), Anesthetic Lignocaine Spray Bott Of 100g, Bur Surgical St Fissure For Shp, Dental Napkin For Patient ( Pkt Of 50), Mouth Ulcer Gel, Metapex Set Of 2 Tubes., Normal Saline, Gum Astringent, Endoseptone, Flowable Composite Shade A2, Cavity Liner Light Cure, Finger Spreader Size 15-40, Endodontic Paste.....",Refer Document,27-11-2020,"Uttarakhand, India"
37227763,"Supply Of Combination Therapy With 2 Channel Electrotherapy, Vaccum And Dual Frequency Ultrasound.",Refer Document,27-11-2020,"Andhra Pradesh, India"
36876488,Corrigendum : Procurement Of O2 Concentrator Through Nems,Refer Document,27-11-2020,"Maharashtra, India"
37124788,Procurement Of Medical Stores : 1.02 Lh Series Pac Beckman Coulter H 1.03 Clenz Beckman Coulter 1.04 Ratic Pack Coulter (1 X 380 Ml X1900 Ml) 1.05 Fps - Cal Beckman Coulter 1.06 Lyse S Iii Diff Beckman Coulter,Refer Document,27-11-2020,"West Bengal, India"
37124806,"Procurement Of Medical Stores : 1. Polydioxanone Size 1, 150 Cms Loop, 1/2 Circle Rb Needle 50- 55 Mm 2. Surgical Suture Synthetic Absorbable Polyglactin 910/Polyglycolic Acid Coated With Polyglycoprolate Size 1 Rb 30-40 Mm Needle 70- 140 Cm 3. Disposable Karman Cannula Size 4mm 4. Dispoable Carman Cannula Size 6 Mm 5. Dispoable Carman Cannula Size 8 Mm 6. Dispoable Carman Cannula Size 10 Mm 7. Kiwi Hand - Held Vacuum Delivery System Reusable 8. Multilayered Absorbant Foam Dressing With Boror, B.....",Refer Document,27-11-2020,"West Bengal, India"
37124876,Procurement Of Medical Stores - Cochlear Implant Speech Processor,Refer Document,27-11-2020,"West Bengal, India"
37124923,"Procurement Of Medical Stores : 1. Foley Balloon Three Way 30 Ml Bag 22 Fr 2. Williams Cystoscopic Injection Needle 5 Fr 35 Cm 3. Guide Wires Raod Runner St Tip 0.035""X150cms 4. Aortic Punch 4.5 Mm 5. Aoritic Punch 4 Mm 6. Sterile Powder Free Micro Optic Gloves With Composition Of Epoxy Brown A.R.T Gamma Sterile Aql 0.065 Size 7 7. D J Stent 5 Fr 26 Cm (Open End) 8. D J Stent 6 Fr 26 Cm (Open End) 9. Gluide Wire 0.032"" J Tip Terumo Radio Focus Angle Tip 150 Cms 10. Guide Wires Terumo, Radiofocus.....",Refer Document,27-11-2020,"West Bengal, India"
37124926,Procurement Of Medical Stores : 1. Pcnl Drape Set (Dispo) 2. Ureteric Catherter Radiopaque Polyvinychloride 70 Cm Cone Tip Size 6 Fr 3. Urethral Dilator Set And Dilators 4. Amplatz Renal Dilator Set 5. Turp Drape 6. Disposable Endoscopic Electro Surgery Probe Monopolar Electro Suction And Irrigation Shaft With Hook For Use With Eph01) 7. Tab Tadafil 10 Mg 8. Cap/Tab Tamsulosin 0.4 Mg & Finasterio 5 Mg Combination 9. Aortic Puch 3 Mm 10. Inj Bcg 40 Mg 11. Pcnl Puncture Needle 18 Gauge 12. Tab Phe.....,Refer Document,27-11-2020,"West Bengal, India"
37131079,Procurement Of Medical Stores,Refer Document,27-11-2020,"West Bengal, India"
37131104,Procurement Of Medical Stores,Refer Document,27-11-2020,"West Bengal, India"
37133258,Procurement Of Medical Stores,Refer Document,27-11-2020,"West Bengal, India"
37133259,Procurement Of Medical Stores,Refer Document,27-11-2020,"West Bengal, India"
36613180,Supply Of Preclinical Spect Scanner,Refer Document,27-11-2020,"Maharashtra, India"
36663389,"E – Tender For The Rate Contract And Supply Of Medical Equipment For Dhs, Raipur Through Chhattisgarh Medical Services Corporation Limited. - Computerized Brief Pulse Ect Machine.",Refer Document,27-11-2020,"Chhattisgarh, India"
36663392,"E – Tender For The Rate Contract And Supply Of Medical EquipmentS For Govt. Medical College Raipur To Chhattisgarh Medical Services Corporation Limited. - Short Wave Diathermy 500w, Microwave Diathermy, C & L Traction With Bed, Tens, Ift, Ultra Sound Therapy, Electrical Stimulator ( Therapeutic), Electrical Stimulator ( Diagnostic ), Hydro Collator Unit, Treadmill, Icu Bed ( Itrendlenberg), Manual Therapy Motorized Treatment, Table, Wheel Chair, Stair Case, Stair Cycle, Monofilament Kit, Walker-.....",Refer Document,27-11-2020,"Chhattisgarh, India"
36663393,E – Tender For The Rate Contract And Supply Of Medical EquipmentS For Govt. Medical College Raipur (Aci) To Chhattisgarh Medical Services Corporation Limited.,Refer Document,27-11-2020,"Chhattisgarh, India"
36719733,"Purchase Of Advanced Phaco Emulsification For The Department Of Ophthalmology, Jipmer On Proprietary Basis - Inviting Comments Thereon",Refer Document,27-11-2020,"Puducherry, India"
36726003,"Rate Contract And Supply Of Medical Equipment - Short Wave Diathermy 500w, Microwave Diathermy, C & L Traction With Bed, Tens, Ift, Ultra Sound Therapy, Electrical Stimulator, Electrical Stimulator ( Diagnostic ), Hydro Collator Unit, Treadmill, Icu Bed ( Itrendlenberg), Manual Therapy Motorized Treatment Table, Wheel Chair, Stair Case, Stair Cycle, Monofilament Kit, Walker-Scissors Gait Preventive, Vestibular/ Swing System, Wall Mounted Bar, Modular Spinal Casting Apparatus, Leather Stiching Ma.....",Refer Document,27-11-2020,"Chhattisgarh, India"
36726013,"Rate Contract And Supply Of Medical EquipmentS - Automated Contrast Dye Injection, Varicose Vein Ablation Devices (Endovenous Laser Ablation ), Cell-Saver, Vascular Doppler With Wave Form, Ecmo, High End Echo Machine With Tee Probe, Alfabeds(Air Matress), Ro Plant, Oct",Refer Document,27-11-2020,"Chhattisgarh, India"
36726018,Rate Contract And Supply Of Medical Equipment- Computerized Brief Pulse Ect Machine,Refer Document,27-11-2020,"Chhattisgarh, India"
36786187,"Registration Of Firm For Supply Of Ration, Vegetable, Fruits, Bakery, Egg, Sweets, Daily Toiletry Materials, Mess Utensils, Music Equipment, Uniform Materials, Writing Materials, Sports Materials, Lab Equipment, Uniform, Bedding Materials, Cleaning And Press Work, Medical Equipment And Medicine, Electrical Materials And Plumbing, Providing Of Manpower On Outsourcing Basis, Maintenance And Repairing Of Computer, Furniture. (Hindi Image)",Refer Document,r Document,"Chhattisgarh, India"
36789317,"Purchase Of Medical Gases, Coagulation Profile Kits.",Refer Document,r Document,"Chandigarh, India"
36853440,"Supply Of Non Complaint Balloon 10mm And Below,Single Use,Peripheral Angio Balloon,0.035 And Lower Wire Compatible,Low Profile,Non-Compliant,Very High Burst Pressure>20atm And Above,Balloon Diameter 10mm And Below",Refer Document,27-11-2020,"Tamil Nadu, India"
36853645,"Supply Of Non Complaint Balloon 10mm And Above,Single Use,Peripheral Angio Balloon,0.035 And Lower Wire Compatible,Low Profile,Non-Compliant,Very High Burst Pressure>20atm And Above,Balloon Diameter 10mm And Above",Refer Document,27-11-2020,"Tamil Nadu, India"
36853716,Supply Of Vaccu Suction Set ( Sample To Be Submitted With Offer),Refer Document,27-11-2020,"Punjab, India"
36860947,Supply Of Multipara Monitor - Low End,Refer Document,27-11-2020,"Puducherry, India"
36861500,Supply Of Ecg Machine,Refer Document,27-11-2020,"Delhi, India"
36865745,Procurement Of Pac Items For Mfr Of Advanced Tracats : 1 Mannequin (Male For Medical Simulation As Per Sample) Nos 1 2 Bl-2100 Rabbit Micro-Controller Board With Accessories Nos 1 3 Ir Sensor (Breathing) (Fabricated) Nos 1 4 Proximity Sensor (Fabricated With Its Components) Set 1 5 Ventilation Sensor (Ventilation) Fabricated With Its Components Set 1 6 Ldr Gl 55 Series Nos 1 7 Sailine Sensor (Fabricated With Its Components) Nos 1 8 Injection Sensor (Fabricated With Its Components) Nos 1 .....,Refer Document,27-11-2020,"Karnataka, India"
36879830,Gem Tender For Supply Of Multipara Monitor Low End By Dept.Of Endocrinology,Refer Document,27-11-2020,"Puducherry, India"
36881531,Supply Of Blood Pressure Recording Units,Refer Document,27-11-2020,"Rajasthan, India"
36892534,"Purchase Of Pulmonology Medical Equipment- Rigid Bronchoscope Set For Adult , Medical Thoracoscope 10 Mm",INR48.00Lacs,27-11-2020,"Telangana, India"
36948115,Procurement Of Tno Stereotest,Refer Document,27-11-2020,Multi Location
36948265,Procurement Of Pre- Connected Exchangeable Burr Catheter + Burr Advancing Device,Refer Document,27-11-2020,"West Bengal, India"
36948430,Procurement Of Ep Ablation Catheter Used For Radio Frequency Ablation Of Arethmia,Refer Document,27-11-2020,"West Bengal, India"
36948483,"Supply Of Retinal Aquity Metre (Ram)[Item Code No S55083 , Sl No 394]",Refer Document,27-11-2020,Multi Location
36948698,Procurement Of Ep Cable Catheter Used For Connecting Diagnostic & Ablation Catheter To Cordis E.P System,Refer Document,27-11-2020,"West Bengal, India"
36967436,"Supply Of Implant Surgery Item On Rate Contract Basis To Hospital For A Period Of One Year - Titanium Ligating Clips (Small) Small Size (2.6*3.4 Mm) With Well Defined Serrations On The Outside Clip Surface, Matching Applier Serrations Interlock With Clip, Clip Is Shaped When Loaded Into Applier. Having Lateral And Transverse Grooves On Inner Clip Surface And Distal Clip Closure Providing On Vessel Security, Titanium Ligating Clips(Medium) Titanium Ligating Clips Medium (3.2*5.2 Mm) With Well Def.....",Refer Document,27-11-2020,"Chhattisgarh, India"
36976456,"Supply Of Instruments For Maternity Ot Trauma – Kockers Clamp, Artery Forceps, Tooth Forceps, Non Tooth Forceps, Tooth Forceps, Non Tooth Forceps, Tissue Cutting Scissor, C Zerny Retractor Standard, Mayoma Screw Standard, Deaver Retractor, Intestinal Clamp, Episiotomy Scissor, Langenback Retractor.",Refer Document,27-11-2020,"Uttar Pradesh, India"
36996617,Supply Of Mm Personality Inventory.,INR1.00Lacs,27-11-2020,"Madhya Pradesh, India"
37038815,Supply Of Automatic External Defibrillator (Aed),Refer Document,27-11-2020,"Himachal Pradesh, India"
37054634,Supply Of Cholesterol Xl System Pack 10*40 Ml For Em-360 Erba Xl System Fully Automated Biochemistry Analyzer Erba,Refer Document,27-11-2020,"Punjab, India"
37054815,Supply Of Cell Clean 50 Ml For Sysmex Transasia,Refer Document,27-11-2020,"Punjab, India"
37074768,Supply Of Blood Pressure Recording Units,Refer Document,27-11-2020,"Tamil Nadu, India"
37075082,Supply Of Video Laryngoscope.,Refer Document,27-11-2020,"Bihar, India"
37075138,Supply Of Echo Cardiography Scanning Machine.,Refer Document,27-11-2020,"Chandigarh, India"
37075339,Supply Of Automatic External Defibrillator (Aed).,Refer Document,27-11-2020,"Rajasthan, India"
37075386,Supply Of Portable Ventilator,Refer Document,27-11-2020,"Chandigarh, India"
37075403,Supply Of Ecg Machine,Refer Document,27-11-2020,"Multi State, India"
37075529,Supply Of Ecg Machine,Refer Document,27-11-2020,"Assam, India"
37075645,Supply Of Post Mortem Kit.,Refer Document,27-11-2020,"Tamil Nadu, India"
37075679,Supply Of Shortwave Diathermy Machine (Continuous And Pulsed),Refer Document,27-11-2020,"Madhya Pradesh, India"
37085874,Supply Of Cpr Manikin With Feedback Device - 4 Nos,INR4.80Lacs,27-11-2020,"Puducherry, India"
37088042,Supply Of Mbl Band.,Refer Document,27-11-2020,"Telangana, India"
37091017,"Supply Of Medical EquipmentS:- Suture Materials, Sterilised Catgut With 3/8 Circle Round Body Needle , 45 Mm, Size- L, Lengthmin 76 Cm, Monofilament Polyamide, Microtips, Band Aid, Tissue Paper For Burdwan Medical College & Hospitral.",Refer Document,27-11-2020,"West Bengal, India"
37097181,Supply Of Medical Training Kit With Human Mannequins For Medical Education Or Training,INR4.80Lacs,27-11-2020,"Puducherry, India"
37106065,"Supply Of Medical EquipmentS To District Health And Family Welfare Office Koppal - Ambu Bag With Resvior, Incubation Set, Electrical Drill, Fracture Table, Orthopedic Basic Instruments Sets, Femer Intercolosing Set, Tibia Intercolosing Set, Plating Instrument Set, Torniquil Machine, Skin Tranction Kit, Thomas Splint, Bholars Splint, Baby Resuction Set, Suction Apparatus, Direct Opthamoscope , Indirect Opthamoscope, Aerotar Piece, Generator 62.5 Kv For Hospital, Scissors, Suture Removing Scissor.....",Refer Document,27-11-2020,"Karnataka, India"
37133255,Procurement Of Medical Stores,Refer Document,27-11-2020,"West Bengal, India"
37142537,Supply Of Intra Jugular Venous Cather (Triple Lumen).,Refer Document,27-11-2020,"Telangana, India"
37148041,Supply Of Multipara Monitor - Low End.,Refer Document,27-11-2020,"Himachal Pradesh, India"
37154728,Supply Of Seretide Accuhaler 50/500 P Item Of Gsk,Refer Document,27-11-2020,"Delhi, India"
37189033,"Purchase Of Miscellaneous Surgical Material (Group-6) For Nmmc Hospitals- Stethoscope (Adult), Stethoscope (Neonatal / Pediatric), Projection Lamp 15v / 150watt For Opthal, Microscope, Halogen Lamps 12 Volt 50 Watt (Projection, Lamp Type 7027), P. Apparatus, P. Apparatus With Stand, B.P. Bulb With Valve, B.P. Cuff With Tubing & Cotton Bag (Adult, Weighing Machine (Adult ) (Calibration, Certificate Required), Weighing Machine (Infant) (Calibration, Certificate Required), F /A Valve With Gauge, Ga.....",INR32.91Lacs,27-11-2020,"Maharashtra, India"
37212427,"Supply Of Surgical Gloves,Surgical Gloves,Iv Sets Transfusion And Infusion EquipmentS,Sanitary Napkins Or Mate",Refer Document,27-11-2020,"Maharashtra, India"
37213621,Supply Of Infusion Pump Volumetric/ Syringe Based,Refer Document,27-11-2020,"Rajasthan, India"
37214464,Supply Of Infusion Pump Volumetric/ Syringe Based,Refer Document,27-11-2020,"Uttar Pradesh, India"
37221970,"Supply Of Mft(Phno.:36087) Central Line Cetrofix Duo V 715 7f X 6"" (15 Cms).",Refer Document,27-11-2020,"Telangana, India"
37164557,"Amc Of Ecg Machine At Dr. Kotnis Hospital, Ntpc Solapur For 3 Years.",Refer Document,26-11-2020,"Maharashtra, India"
36604697,The Rate Contract For A-Scan Biometer,INR74.00Lacs,26-11-2020,"Rajasthan, India"
36817741,"For Supply Of Medical Stores To Base Hospital Lucknow Fy 2020-21 - Vertical Isolation Drape For Hip Surgery Of Clear Transparent Waterproof Material. Adhesive Incise Area Iodophor Impregnated Approximately 40cm X 75cm, Fluid Collection Pouch With Suction Port, Attachable Instrument Pouch, Tube Holders, Central Release Tape Strip For Horizontal Rod Attachment . 10% Variation Acceptable. Up To 10% Variation In Size Acceptable., Synthetic Bone Graft Cubes/Cones-Sterile Packed. Usfda/ Ce(Eu)/Ic Med .....",Refer Document,26-11-2020,"Uttar Pradesh, India"
36966265,Supply And Installation Craniotome Set With Electric Drill Machine,Refer Document,26-11-2020,"Uttar Pradesh, India"
36966366,Supply And Installation Controlled Suction Machine,Refer Document,26-11-2020,"Uttar Pradesh, India"
36973677,"Procurement Of Raw Material - Bronopol, Calcium Carbonate, Caramel (Colour), Essence, Flavour Pineapple, Gonra Lebu, Harin Sing Vasma, Kantikari Mul, Magnesium Sterate, Mukta Sukti Vasma., Mukta Vasma(Calcined Mukta), Parul Mul, Rajat Vasma, Sodium Benzoate, Sodium Nipasol, Sodium Saccharin, Sona Mul, Swarna Vasma, Sweet Orange (Flavour), Syrup Raspberry, Talcum Powder, Tentul Chhal Kshar, Xanthyan Gum, Aluminium Cap With Logo For Pet Bottle With Washer 25mm, Thickness-16mm., Aluminium Cap With .....",Refer Document,26-11-2020,"West Bengal, India"
37049964,Supply Of Interferon Gamma Release Assay Kit,Refer Document,26-11-2020,"Kerala, India"
36380530,"Corrigendum : Supply Of Pathology Instruments - Centrifuge Machine For 68 Tubess, 6-Part Hematology Cell Counter, Microscope Binocular ( For Laboratory ), Microscope Trinocular With Camera Attachment, Camera And Display Unit., Reagent Storage Refrigerator, Fully Automated Tissue Embedding System With Cooling System, Fully Automatic Motorized Microtome, 3-Part Hematology Cell Counter, Semi Automatic Rotary Microtome, Automatic Tissue Processor",INR1.21CR.,26-11-2020,"Maharashtra, India"
36817402,Supply Of EquipmentS For Department Of Urology Gmc Srinagar - Color Doppler Ultrasound System For Urology,Refer Document,26-11-2020,"Jammu And Kashmir, India"
36839902,"Supply Of Fire Fighting EquipmentS - Rubber Rrl Delievery Hose 38mm Diameter Isi Mark (30meters Long), Gunmetal Coupling Male Female Pair 63mm Diameter Isi Mark, Fb5x Foam Branch With Pickup Tube Gunmeteal Coupling 63mm Diameter, Portable Fire Pump Isi Mark (275 Lpm Discharge), Fire Proximity Suit Asbestos Type Two Layered Isi Mark, Fire Retardent Suit Three Layered Nomes Type, Snake Catcher, Helmet With Safety Net For Encroachmets, Jumbo Mayura Curtain Nozzle With Gunmetal Coupling 63mm Diamet.....",Refer Document,26-11-2020,"Maharashtra, India"
34606414,"Corrigendum : Supply Of Digital Xray Flat Panel Radiography Unit With Two Flat Panel Detectors For The Department Of Radiology At All India Institute Of Medical Sciences, Jodhpur",Refer Document,26-11-2020,"Rajasthan, India"
35707441,Corrigendum : Supply Of Ct And Mri Compatible Stereotactic Cranial Frame Set For Department Of Neurosurgery,Refer Document,26-11-2020,"Chhattisgarh, India"
35802831,"Corrigendum : Tender For Full Hd Video Endoscopy System (Diagnostic) For The Department Of Surgical Gastroenterology At All India Institute Of Medical Sciences, Jodhpur",Refer Document,26-11-2020,"Rajasthan, India"
36847815,"Supply Of Pacemaker Approx 200 Nos Along With Accessories For Medical College Hospitals Of Assam For All Government Medical College Hospitals, Assam",Refer Document,26-11-2020,"Assam, India"
36942190,Procurement Of Hemoglobinometer Strips,Refer Document,26-11-2020,"Uttarakhand, India"
36862884,"E Tender For The Supply Of Psychiatry Medical Equipment - Serum Lithium Analyzer, Rtms Machine",INR30.00Lacs,26-11-2020,"Telangana, India"
36847824,Supply And Installation Of Anesthesia Workstation And Echo Cardiography Machine For All Medical Colleges Of Assam,Refer Document,26-11-2020,"Assam, India"
36918758,"Supply Of Medical EquipmentS To H.P.Government Medical Colleges For Advanced Life Support System Ambulances - Automatic External Defibrillator Tentative Requirement 06, Automatic Patient Loading Stretcher Tentative Requirement 06, Syringe Infusion Pump Tentative Requirement 06, Wheel Chair Stretcher Tentative Requirement 06, Scoop Stretcher Tentative Requirement 06, Electric Suction Pump Tentative Requirement 06, Emergency & Resuscitations Kit Tentative Requirement 06, Antishock Trousers Tentati.....",Refer Document,26-11-2020,"Himachal Pradesh, India"
36707742,"Supply Of Machinery And Equipment - Iabp High End, Mobile/Portable Operating Lights, Defibrillator, Syringe (50cc) Infusion Pumps, Vital Sign Monitors With Central Monitoring Station(Icu), Single Chamber Temporary Pace Maker, Dual Chamber Temporary Pacemaker, Icu Ventilator High End, Rapid Autoclave For Operation Theatre, Patient Warming/Cooling System, Anesthesia Work Station, Refrigerator, Abg Machine, Dedicated Echocardiography Mahine With Tee Probes, Fumigator Disinfector For Ot, Binocular L.....",Refer Document,26-11-2020,"Himachal Pradesh, India"
36815188,"Supply Of Coagulation Profile Kits For The Use In Health Department, U.T., Chandigarh.",Refer Document,26-11-2020,"Chandigarh, India"
36964621,"Procurement Of Dental Stores - Short (Mini) Implants Including Prosthetic Components And Surgical Kit, Disk Implants Including Prosthetic Components And Surgical Kit",Refer Document,26-11-2020,"Delhi, India"
36841863,Supply Of 04 Channel Heat Therapy Unit With Vibration For Dept Of Pmr & Sports Medicine,INR9.90Lacs,26-11-2020,"Delhi, India"
36841884,Supply Of Ultrasonic Therapy Unit For Dept Of Pmr & Sports Medicine,INR2.80Lacs,26-11-2020,"Delhi, India"
37210789,"Supply Of Medical Stores To Command Hospital (Cc), Lucknow",INR3.00Lacs,26-11-2020,"Uttar Pradesh, India"
37202684,Supply Of Portable Vein Viewing Device For Vascular Imaging.,Refer Document,26-11-2020,"Andhra Pradesh, India"
37095598,"Procurement Of Medical Stores - Microdebrider Shaver Blades 4mm Rad 40 Blades, Microdebrider Ipc Console 1898001 4.5mm Rad Adenoid Adult Blade, Microdebrider Ipc Console 1898001 3.5mm Rad 12 Curved Blade, Microdebrider Ipc Console 1898001 2.9mm Skimmer Angled Blade, Microdebrider Shaver Blades 4mm Rad 60 Blades, Microdebrider Shaver Blades 4mm Tricut Blade",Refer Document,26-11-2020,"West Bengal, India"
37095643,"Procurement Of Medical Stores - Lumber Drape, Set(2pics Of, Reinforced, Wraparound, Gown, 04 Pics, Of Ot Towel, With, Adhessive, (100x125cm) 2, Pics Of Trolley, Cover, (120x210cm), 01 Pics Of, Spinal Drape, With Adhessiv, And Incise, (160x385cms), Drape For, Craniotomy, With Drainage, Funnel, (1.2x1.75), Metres With, 20x30 Cms, Adhesive, Box, Of 16 (Sterile, Pack ), Cranial Fixation, Titanium Clamp, Small (16mm), Box Of 6, Antibiotic, Impregated Vp, Shunt Mp, (Rifampcin &, Clindamycin, Impregnat.....",Refer Document,26-11-2020,"West Bengal, India"
37095661,"Procurement Of Medical Stores - Combined Pack 25g (5.0 Cpm, 0.9 Valved) For Constellation Machine, Constellation Chandelier, Viscous Fluid Control Pack, Dsp Ilm Forceps 25g, Disposable Soft Tip Needle 25g, 25 Active Backflush, Disposable 23g Serrated Vitreo Retinal Forceps",Refer Document,26-11-2020,"West Bengal, India"
36599186,Supply Of A-Scan Biometer.,INR74.00Lacs,26-11-2020,"Rajasthan, India"
36649045,Procurement Of Equipment & Instruments For Rate Contract Period Of 24 Months.,Refer Document,r Document,"Rajasthan, India"
36740812,"Supply Of Hydrocollator (8 Pack), Cervical, Lumbar & Thoracic Harness For Traction Machine Set",Refer Document,26-11-2020,"Delhi, India"
36799520,Supply Of E.C.G. Lead For E.C.G. Machine. Unit:No,Refer Document,26-11-2020,"Tamil Nadu, India"
36799617,Supply Of Coronary Angioplasty Balloon Of 1mm Diameter And 5mm Length . Unit:No,Refer Document,26-11-2020,"Tamil Nadu, India"
36799864,Supply Of E.C.G. Electrode (Pre Jelled) - Adult Unit:No,Refer Document,26-11-2020,"Tamil Nadu, India"
36812601,"Supply Of Peripheral Angio Balloon-0.035"" Wire Compatible Non-Compliant Very High Burst Pressures >20atoms Or More Unit:No",Refer Document,26-11-2020,"Tamil Nadu, India"
36812664,"Supply Of Coronary Drug Eluting Stents With (1) Coating Of Bio Absorbable Polymer Carrier For Active Drug ( Sirolimus, Everolimus Or Zotarolimus Shown To Be Effective In Preventing Neo-Intimal Hyperplasia) (2) Stent Diameter Should Be From 2.5mm To 4mm . The Length Of The Stent Should Be From 12mm To 38 Mm . (3) The Strut Thickness Should Be 91 Micron Or Less. (4) Stent Delivery System Should Be Monorail (Single Operator Exchange Or Rapid Exchange). (5) Stent Should Be Compatible With 5fr Guidin.....",Refer Document,26-11-2020,"Tamil Nadu, India"
36812672,Supply Of Radial Supported Stretch Thinwall Eptfe Vascular Graft 6mm X 40cm Unit:No,Refer Document,26-11-2020,"Tamil Nadu, India"
36812761,"Supply Of Oxidized Regenerated Cellulose Based Topical Absorbable Hemostat With Bacterial, Low Ph In Fibrillar/Layer Form. Size 1""X2"""". Unit:No",Refer Document,26-11-2020,"Tamil Nadu, India"
36812776,Supply Of Peripheral Angioblasty Balloons Of Various Sizes. Unit:No,Refer Document,26-11-2020,"Tamil Nadu, India"
36812778,"Supply Of Intra Aortic Balloon Catheter With Insertion Kit Suitable Use With Datascope 97e Or 98 Iabp Machine 1. 2 Lumens Balloon. 2. Shaft Size 7.5 Fr 3. Displacement Volume 34 Cc. 4. Sheath Length 6"""" 5. Insertion Kit Should Inclu De. A) One Haemostasis Valve Introducer With Side Port 10fr Sheath Size 6"""". B) One Tear Away Introducer With Step Dilator 10 Fr Sheath Size 6"""". C) Extra Stiff Guiddewire 150 Cm X 0.032"""" D) 60 Cc Syringe. E) Package Of Prep. Solution F) 3.0 Silk Suture. G) Knife Bl.....",Refer Document,26-11-2020,"Tamil Nadu, India"
36812795,"Supply Of Venous Triple Lumen Catheter Is A Radiopaque Polyurethane Tube With Two Clear Silicone Catheter Extensions And Three Internal Lumina Distinguished By Color Coded Adaptors (Red-Arterial, Bluevenous, Clear-Medial). Catheter Of Size 12fr And Length 13cm. Unit:No",Refer Document,26-11-2020,"Tamil Nadu, India"
36812830,"Supply Of 2.7fr,130cm Microcatheter 0.025"" Inner Diameter) With 0.021 Angled Hydrophilic Wire (Removable) Unit:No",Refer Document,26-11-2020,"Tamil Nadu, India"
36825425,Supply Of Radial Supported Stretch Thinwall Eptfe Vascular Graft 6mm X 40cm Unit:No,Refer Document,26-11-2020,"Tamil Nadu, India"
36825433,"Supply Of Coronary Drug Eluting Stents With (1) Stent On Cobalt Chromium Alloy Or Platinum Chromium Alloy. (2) Stent With Coating Of Polymer Carrier For Active Drug ( Sirolimus, Everolimus Or Zotarolimus Shown To Be Effective In Preventing Neo-Intimal Hyperplasia) (3) Stent Diameter Should Be From 2.5mm To 4mm . The Length Of The Stent Should Be More Than 38mm . (4) The Strut Thickness Should Be 91 Micron Or Less. (5) Stent Delivery System Should Be Monorail (Single Operator Exchange Or Rapid Ex.....",Refer Document,26-11-2020,"Tamil Nadu, India"
36825460,Supply Of Oxygenator Adult Unit:No,Refer Document,26-11-2020,"Tamil Nadu, India"
36825484,"Supply Of Pressure Monitor Kit Consisting Of Iv Set/Disposable Transducer With Built-In Flush Device, 4 Way Stopcock, Pressure Monitor Line200 Cm Length, Pressure Monitor Line 15cm Length Unit:No",Refer Document,26-11-2020,"Tamil Nadu, India"
36825635,"Supply Of Disposable Sterile Haemodialysis Starting And Closing Kit Consists Of Dressing Tray Of Size 15x10cm,Bowl,Gauze Swabs7nos,Arm Rest Towel-1no,Tray Covering Towel-1no. Unit:No",Refer Document,26-11-2020,"Tamil Nadu, India"
36825697,"Supply Of Hemorrhoidal Circular Staplar,1 Suture Threader, 1 Circular Anal Dilator And 1 Purse- String Suture Anoscope,28 Titanium Staples Or More Unir:No",Refer Document,26-11-2020,Multi Location
36826075,"Supply Of Insulated Nerve Block Needle 30 Degree Bevel Of Size 22g X 2"" Unit:No",Refer Document,26-11-2020,"Tamil Nadu, India"
36838979,Supply Of Oropharyngeal Airway Of Size - No. 1 Soft Unkinkable And Non Traumatic,Refer Document,26-11-2020,"Tamil Nadu, India"
36839014,Supply Of Oropharyngeal Airway Of Size - No. 2 Soft Unkinkable And Non Traumatic,Refer Document,26-11-2020,"Tamil Nadu, India"
36839021,Supply Of Oropharyngeal Airway Of Size - No. 0 Soft Unkinkable And Non Traumatic,Refer Document,26-11-2020,"Tamil Nadu, India"
36839055,Supply Of Oropharyngeal Airway Of Size No. 3 Soft Unkinkable And Non Traumatic,Refer Document,26-11-2020,"Tamil Nadu, India"
36839065,Supply Of Thoracic Catheter / Drainage Tube - 36 Fr. Pvc Thoracic Drainage Tube With End Hole And Multi Ple Side Holes With Other End Having A Christmas Tree Type Connector With A Radio Opaque Blue Line Size - 36 Fr.,Refer Document,26-11-2020,"Tamil Nadu, India"
36839074,Supply Of Oropharyngeal Airway Of Size No. 00 Soft Unkinkable And Non Traumatic,Refer Document,26-11-2020,"Tamil Nadu, India"
36860971,Supply Of Video Laryngoscope,INR2.25Lacs,26-11-2020,"Maharashtra, India"
36861857,Supply Of Orthopedic Battery Operated Drill System,Refer Document,26-11-2020,"Manipur, India"
36877085,Turn Key Project Of Dsa Machine (Digital Subtraction Angiography) (Nit 139),INR10.00CR.,26-11-2020,"Rajasthan, India"
36892537,"Supply Of Psychiatry Medical Equipment - Serum Lithium Analyzer, Rtms Machine",INR30.00Lacs,26-11-2020,"Telangana, India"
36914540,"Supply And Installation Of The Various Items For Associated Hospital Of Medical College – Craniotome Set With Electric Drill Machine, Controlled Suction Machine, Air Sanitizer System, Horizontal Autoclave.",Refer Document,r Document,"Uttar Pradesh, India"
36923052,"Online Tenders Are Hereby Invited In Two Cover System From Reputed Manufacturer/ Authorized Representative Of A Manufacture/Whole Sale Dealer/Importer For Supply Of :- • Inverted Fluorescence Microscope With Camera, Dept. Of Medicine, Ims, Bhu [Nit] ||[Bid Document] ||[Published Summary] ||[Boq]",Refer Document,26-11-2020,"Uttar Pradesh, India"
36939748,Invited For The Supply Of Machinery And Equipment For The Microbiology Department,Refer Document,r Document,"Himachal Pradesh, India"
36948097,"Supply Of CT & MRI Compatible Stereotactic Cranial Frame Set For Department Of Neurosurgery At AIIMS,Raipur.",Refer Document,26-11-2020,"Chhattisgarh, India"
36967255,"Rate Contract For Group A Ayurevid, And Medicine Items, Machine, Equipment Etc",Refer Document,26-11-2020,"Jharkhand, India"
36975983,Supply Of (Bza/Divn) Surgical (Ph No.:63086) Nebuliser,Refer Document,26-11-2020,"Andhra Pradesh, India"
36976004,Supply Of (Bza/Divn) Surgical (Ph No.:64001) Stethoscopes (Superior Quality),Refer Document,26-11-2020,"Andhra Pradesh, India"
36979146,Supply & Installation Of The Full Hd Video Endscopy System (Diagnostic).,Refer Document,26-11-2020,"Rajasthan, India"
37038537,Supply Of Slit Lamp.,Refer Document,26-11-2020,"Andhra Pradesh, India"
37075105,Supply Of Knee Splints And Braces.,Refer Document,26-11-2020,"Himachal Pradesh, India"
37075385,Supply Of Multipara Monitor - Low End.,Refer Document,26-11-2020,"Rajasthan, India"
37082278,Purchase Of Continuous Renal Replacement Therapy Equipment (Crrt) On Proprietary Basis.,Refer Document,26-11-2020,"Uttar Pradesh, India"
37082282,Purchase Of Dual Chamber Pace Maker On Proprietary Basis.,Refer Document,26-11-2020,"Uttar Pradesh, India"
37082318,Purchase Of Single Chamber Pace Maker On Proprietary Basis.,Refer Document,26-11-2020,"Uttar Pradesh, India"
37082320,Purchase Of Continuous Renal Replacement Therapy Equipment (Crrt) On Proprietary Basis.,Refer Document,26-11-2020,"Uttar Pradesh, India"
37107592,"Supply Of Cardiotocogram With One Tocotransducer And Two Ultrasound Transducers, Cost Of Comprehensive Annual Maintenance Contract (Camc) For 4 Years After The Warranty Period Of 3 Years.(Note:- Firm To Quote The Total Value For 4 Years).",Refer Document,26-11-2020,"Tamil Nadu, India"
37133800,"Supply Of Regius 110hq Cassettes/Plates 14""X17"" Make/Model: Konica Minolta Or Similar",Refer Document,26-11-2020,"Karnataka, India"
37133897,"Supply Of Calcium Polystyrene Sulfonate Sachets,15 Gm Atleast",Refer Document,26-11-2020,"Madhya Pradesh, India"
37154799,"Supply Of Hemodialysis Machine - Supply, Installation, Commissioning Of Hemodialysis Machine, :Preventive And Breakdown Maintenance, Camc Charges For Five Years. Please Quote Camc Year Wise Charges With Break Up Clearly.",Refer Document,26-11-2020,"Karnataka, India"
37161814,"Supply Of Drugs , Equipment , Instruments And Consumables Items",Refer Document,r Document,"Jammu And Kashmir, India"
37069409,"Purchase Of Expendable Medical Stores - Cylinder Oxygen Capacity 7000 Ltr Gas For, Cylinder Oxygen Capacity 1246 Ltr Gas For, Cylinder Oxygen Capacity 340 Ltr Gas For, Cylinder Carbon Di Oxide Capacity 1246 Ltr Gas For, Cylinder Carbon Di Oxide Capacity 7000 Ltr Gas For , Cylinder Nitrous Oxide Capacity 955 Ltr Gas",Refer Document,25-11-2020,"Punjab, India"
36792689,Corrigendum : Tender For Purchase Of Bone Saw For Cutting Bone Specimens (For Medical Purpose) At Rstrc Hospital Nagpur,Refer Document,25-11-2020,"Maharashtra, India"
37050289,"Supply Of Medical Stores To Military Hospital Palampur - Adapt Paste For Colostomy / Urostomy Tube, Of 60gm, Adhesive Plaster 2.5 Cm Roll, Alpha Keto Analogue Tab, Apremilast 30mg Tab, Arm Sling Pouch /Strap, Auto Analyser Wash Solution 50ml Bott, Bandage Crepe: 10cm X 4m, Bandage Crepe: 15cm X 4m, Bandage Dvt Stocking - Large, Bandage Dvt Stocking - Medium, Bandage Elastic Adhesive, 6 Cm X 3 Metres, Unstretched And 5-6 Metres When Stretched., Bandage Open Wove Uncompressed 10 Cm, X 4 Metres, Ba.....",INR74.36Lacs,25-11-2020,"Himachal Pradesh, India"
35817921,"Corrigendum : Supply And Installation Of Capital Equipment Of Cardiology Department Rims, -Cathlab-Biplane With Electrophysiology System On Turnkey Basis, Cathlab-Biplane With Electrophysiology System On Turnkey Basis Complete Equipment Set As Per Technical Specification In Tender Document With 5 Years Comprehensive Warranty, Turnkey Works Including Civil, Electrical, Mechnical, Furnishing, Airconditioning, Earthing Etc., Cmc After 05 Years Warranty - 06th Year, Cmc After 05 Years Warranty - .....",Refer Document,25-11-2020,"Jharkhand, India"
36850208,Corrigendum : Purchase Of Fiberless Bronchoscope,INR3.30CR.,25-11-2020,"Rajasthan, India"
36965107,"Nit For Deic EquipmentS -Nit For EquipmentS For District Early Intervention Centre , Children Hospital Under Nhm - Bera With Assr With Ecochg With Laptop, Tens (Transcutaneous Electric Nerve Stimulation), Muscle Stimulator, Hand Rehablitizer, Ankel Exerciser, Wrist Rollar With Rotator, Medicinal Balls ( With Leather Covering, Standing Frame, Stair Case Ladder, Weight Cuffs, Exercise Resistance Bands, Irregular Multi Coloured Balance Board, Stepper, Shoulder Wheel, Shoulder Pulley, Wall Ladder, .....",Refer Document,25-11-2020,"Jammu And Kashmir, India"
36823171,Supply Of Icu Ventilator,INR30.00Lacs,25-11-2020,"West Bengal, India"
36823193,Supply Of Hemodialysis Machine.,INR30.00Lacs,25-11-2020,"West Bengal, India"
36928253,"Tender For Rate Contract For Supply Of Consumables (Accessories And Ancillaries) For Au Beckman Coulter For Department Of Biochemistry At Aiims Raipur : 1 Ise Tube Set (1 Ea), Part No.: Mu538600, Pack Size: 1 No Make: Beckman 2 Ise Sample Pot (1 Ea), Part No.: Mu962700, Pack Size: 1 No Make: Beckman 3 Mixing Bar (1 Ea), Part No.: Mu962800, Pack Size: 1 No Make: Beckman 4 60ml Reagent Bottles Pkg Of 20, Part No.: Mu960500, Pack Size: Pack Of 20 (60ml Each) Make: Beckman 5 Partition Plate For 30ml.....",Refer Document,25-11-2020,"Chhattisgarh, India"
37095763,"Supply Of Dr. Morpen Pulse Oximeter P004, Touch Care Digital Thermometer Rigid Tip",Refer Document,25-11-2020,"Jammu And Kashmir, India"
37113050,Supply Of Medical Material To Control Pandemic Covid-19 To Cp Office Thane,Refer Document,25-11-2020,"Maharashtra, India"
37180894,Supply Of Oxygen Concentrator.,Refer Document,25-11-2020,"Delhi, India"
36574274,Corrigendum : Supply Of Uterine Balloon Tamponade Kit Under Rate Contract For 24 Months,INR31.00Lacs,25-11-2020,"Kerala, India"
36795320,Online Tender For Rate Contract Of Icu And Hdu Equipment To Be Supplied And Installed At Various Hospitals Of Government Of Madhya Pradesh For A Period Of 18 Months,Refer Document,25-11-2020,"Madhya Pradesh, India"
36893263,Corrigendum : Supply Of High End Usg Machine With Color Doppler With Elastography With 3d/4d Capability /2019-20,INR1.60CR.,25-11-2020,"Maharashtra, India"
36893299,Corrigendum : Supply Of High End Usg Machine With Color Doppler With Elastography With 3d/ 4d Capability/2019-20,INR1.68CR.,25-11-2020,"Maharashtra, India"
35404986,Corrigendum : E-Tender Document For Procurement Of High Dose Rate Brachytherapy Machine Cobalt Based With Latest Model For The Tertiary Care Cancer Center Department Of Radiation Oncology,INR100,25-11-2020,"Himachal Pradesh, India"
35420402,Corrigendum : Procurement Of Low Energy Linear Accelerator With Multi-Leaf Collimators And Intensity Modulated Radiotherapy System For The Tertiary Care Cancer Center Department Of Radiation Oncology,Refer Document,25-11-2020,"Himachal Pradesh, India"
36215649,Corrigendum : Procurement Of Medical EquipmentS,Refer Document,25-11-2020,"Delhi, India"
36795227,"Online Tender For Supply, Installation, Commissioning, Testing And Maintenance Of Oxygen Generation Plant For Government Hospitals Of Madhya Pradesh",Refer Document,25-11-2020,"Madhya Pradesh, India"
37187093,"Supply Of Medical Stores To Command Hospital (Cc), Lucknow Command Hospital (Cc),",INR1.00Lacs,25-11-2020,"Uttar Pradesh, India"
36748662,Supply Of Tens Machine,INR4.00Lacs,25-11-2020,"Rajasthan, India"
36748697,Supply Of Hemodialysis Machine,INR11.00Lacs,25-11-2020,"Rajasthan, India"
36600964,"Purchase Of Equipment - Digital X-Ray Machinesystem/Machine (800 Ma X-Ray Machine), Veterinary Echocardiography, Hydraulic Animal Examination Tables/Bed For Large Animal, Hydraulic Animal Examination Tables/Bed For Small Animal, Ultra Violet Lamp, Oxygen Chamber/Saturator, Fork Lift Hydraulic Truck, Anaesthetic Circuit For Small Animal, Large Animal Anaesthesia Machine, Endotracheal Tubes In Small, Medium And Large Sizes, Endoscopy Unitvideo Endoscope With Telepack, Small Animal Surgery Table, V.....",INR1.65CR.,25-11-2020,"Uttar Pradesh, India"
36601403,"Tender To Purchase EquipmentS For Veterinary Medicine Establishment Of Critical Care Unit For Farm And Companion Animals At Veterinary Clinical Complex, Covas, Svpuat Meerut Under The Rkvy Project",INR46.72Lacs,25-11-2020,"Uttar Pradesh, India"
36943597,Open Tender Enquiry For Purchase Of Expendable Medical Stores For Dglp Rfp 051 : 1 Micro Centrifuge Tube 0.5 Ml 2 96 Well Pcr Plate Compatible With Abi System (Pack Of 25 Plates) 3 Optically Clear Seal For Pcr Plate,Refer Document,25-11-2020,"Maharashtra, India"
37104231,Supply Of Consumables And Expendable Medical Stores,Refer Document,25-11-2020,"Rajasthan, India"
36890952,Local Purchase Of Expendable Medical Stores Out Of Dglp Fund : 1.04 050027 Silicon Foleys Catheter 2 Way 20fr Ballon Capacity Of 30- 50ml Item4 No 1.05 050028 Silicon Foleys Catheter 2 Way 22fr Ballon Capacity Of 30- 50ml Item5 No 1.06 050029 Catheter Foleys Silicon 2 Way 5 Ml Size 16 Fg Item6 No 1.07 050030 Catheter Foleys Silicon 2 Way Size 20 Fg 5 Ml Retention Balloon Item7 No 1.08 050031 Catheter Foleys Silicon 2 Way Size 22 Fg 20-30 Ml Retention Balloon Item8 No 1.09 050036 Ureteric Cathete.....,Refer Document,25-11-2020,"Jammu And Kashmir, India"
36796383,"Procurement Of 02 Pvms Expendable Medical Stores For Department Of Cardiac Surgery – Cardioplegia Delivery System Single Pass, Antegrade Aortic Root Cardioplegia Cannula (With Side Arm).",Refer Document,25-11-2020,"Maharashtra, India"
36796432,"Procurement Of 05 Niv Expendable Medical Stores For Department Of Nephrology - Apd Fluid 2.5% (05 Ltrs Bag) With Minicaps, Apd Cassettes, Apd Fluid 1.5% (05 Ltrs Bag) With Minicaps, Capd Clamp, Nephro Hp Protein Powder 400gm",Refer Document,25-11-2020,"Maharashtra, India"
36843499,"Supply Of Expendable Medical Stores - Vicryl No-1 (Rb) 120cm Length, Vicryl No-2/0 (Rb), Vicryl Rapid No-1/0 (Rb), Prolene No- 3/0 (Rb), Prolene No- 3/0 (Cb), Prolene No- 4/0 (Cb), Silk No-1 (Rb) 90cm Length, Silk No-2/0 (Rb) 90cm Length, Silk No-3/0 (Rb) 90cm Length, Pds Loop No-1, Pds No-1, Monocryl No-3/0 (Cb), Monofilament Polymide (Nylon) No-1/0 (Cb), Monofilament Polymide (Nylon) No-2/0 (Cb), Monofilament Polymide (Nylon) No-3/0 (Cb), Vicryl Rapid Taper Cut No-1/0 Length 120cm, Vicryl Rapi.....",Refer Document,25-11-2020,"Madhya Pradesh, India"
36934618,Supply Of Different Medical Equipment For Npcdcs Programme,INR25.69Lacs,25-11-2020,"West Bengal, India"
37069273,"Procurement Of Medical Stores - Dermabond, Vials, Papain Urea, Iontment 15, Gm, Dermimarker, Pen, Chlorhexidine, Gauze Dressing, 10x10cm, Chlorhexidine, Gauze Dressing, 10x30cm, Silver Stresm, 100 Ml, Kirschners, Wire 0.625 Mm, With Double, End Trocker,, Length 370 Mm, Kirschner Wire, 0.8 Mm, Kirschner Wire, 1.0 Mm, Kirschner Wire, 1.2 Mm, Kirschner Wire, 1.5 Mm, Kirschner Wire, 2.0 Mm, Water Soluble, Non Oily, Tranparent, Moisuture, Hydration Type, 1 Collagen In, Gelwith, Gentamycin, Sulphate 0.....",Refer Document,25-11-2020,"West Bengal, India"
37069276,Procurement Of Medical Stores -Tramadol Hcl 50 Mg Cap,Refer Document,25-11-2020,"West Bengal, India"
37069296,"Procurement Of Medical Stores - Eptfe, Standard, Stretch, Vascular Graft6, Mm X 40 Cm, Otw Fgogarty, Embolectomy, Cath Size- 5f, Otw Fogarty, Embolectomy, Cath Size - 4f, Otw Fogarty, Embolectomy, Cath Size - 3f, Drug Eluting, Balloon, Assorted Sizes, (Paclitexal/Evar, Olimus/Zotorodi, Mus/Sirolimus), Peripheral, Angioplasty, Cutting Balloon, Assorted Size, Ivus(Intra, Vascular, Ultrasound, Cath ), Sterile, Dehydrated, Human Amnion, Chorion, Allograft, (Biological, Wound Cover ), 6x12 Cm, Steril.....",Refer Document,25-11-2020,"West Bengal, India"
37069318,"Procurement Of Medical Stores - Pco2, Membrane Pox, Plus, Po2, Membrane, Phox Plus, Potassium, Sensor, Chloride, Sensor, W/R Pump Test.",Refer Document,25-11-2020,"West Bengal, India"
37069326,"Procurement Of Medical Stores - Solution Pack, For Abl80, Sensor, Cassette For, Abl, Paper Roll For, Abl 80 (80, Mm).",Refer Document,25-11-2020,"West Bengal, India"
37069334,"Procurement Of Medical Stores - Closed, Endotracheal, Suction System, Size 14 With, Turbo Flushing, Valve, Closed, Endotracheal, Size 12 With, Turbo Flushing, Valve, Drug Eluting, Peripheral, Balloon 4 Mm -, 6mm Size, Assorted, Length, Sterile, Dehydrated, Human Amnion, Chorion, Allograft, (Biological, Wound Cover), 6x8cm, Sterile, Dehydrated, Human Amnion, Chorion, Allograft, (Biological, Wound Cover), 6x12cm.",Refer Document,25-11-2020,"West Bengal, India"
37069355,Procurement Of Medical Stores,Refer Document,25-11-2020,"West Bengal, India"
37069361,Procurement Of Medical Stores,Refer Document,25-11-2020,"West Bengal, India"
37069376,Procurement Of Medical Stores,Refer Document,25-11-2020,"West Bengal, India"
37069416,"Procurement Of Medical Stores - X-Ray Film, Liquid Barium Subhate/ Micropaque Dispersion.",Refer Document,25-11-2020,"West Bengal, India"
37078623,"Procurement Of Medical Stores - Disposable, Cautery Lead, Single Pin For, Laparoscopic, Use, Endoloop, Polydioxanone, Size 3/0, 70-75, Cm, 1/2 Circle, Rb 20-25 Cm, Multilayer Foam, Dressing With, Silicon, Adhesive Size, 4x5, Polypropylene, Blue, Monofilament, 70-75 Cm Size, 4/0, 1/2 Circle, Rb 25 Mm, Double Needle, Polypropylene, Blue, Monofilament, 70-75 Cm Size, 3/0, 3/8 Circle, Rb 13-25 Mm, Polypropylene, Blue, Monofilament, 70-75 Cm Size, 5/0, 3/8 Circle, Rb 12-18 Mm, Double Needle, Polyprop.....",Refer Document,25-11-2020,"West Bengal, India"
37078654,"Procurement Of Drugs And Consumables - Ciprofloxacin Hcl 0.3% Tube, Of 5 Gm, Fluoresceine Sodium 20%, 3, Ml Inj, Latanoprost 0.005% With 0.5%, Timolol Eye Drop Bott Of 2.5 Ml, Lignocaine 1% For Intra-Ocular, Use Vial Of 1 Ml (Preservative, Free), Lignocaine Intracam 0.05%, Vial Of 1 Ml, Phenylephrine Hcl 10%, Solution Eye Drops Vial Of 5ml, Pilocarpine Intracameral Inj, 0.5% Pilocarpine Nitrate Intraocular, Inj Without, Preservatives, Amp Of 01ml, Each, Eye Drop Prednisoline, Acetate 1% W/V Bott.....",INR10.00Lacs,25-11-2020,"Jammu And Kashmir, India"
36350185,"Supply “Icpms With Accessories (With High Sensitivity, Simultaneous Multi-Element Analysis, Wide Dynamic Range, Isotope Comparison)” - Nebulizers, Spray Chamber, Injector, Torch Mechanism, Computer Control Of Torch, Auto Sampler, Plasma Generator, Plasma Ion Source And Plasma Gas Control, Extraction Interface: Sample And Skimmer Cones, Ion Focusing And Extraction System, Ion Guide Or Lens System, Cell Technology, Quadrupole Mass Analyzer, Ion Detector Assembly",Refer Document,25-11-2020,"Maharashtra, India"
36350219,Procurement Of Low Energy Linear Acccelertor With Multi Leaf Collimators And Intensity Modulated Radiotherapy System For The Radiation Oncology Tertiary Care Cancer Center Slbs,Refer Document,25-11-2020,"Himachal Pradesh, India"
36350221,Procurement Of High Dose Rate Brachytherapy Machine Cobalt Based With Latest Model,Refer Document,25-11-2020,"Himachal Pradesh, India"
36577396,Supply Of Allinace Ecg Channel Roll 210 Mm,Refer Document,25-11-2020,"Punjab, India"
36704087,"Supply Of Equipment, Machine, Medicine And Optical. (Hindi Image)",Refer Document,r Document,"Chhattisgarh, India"
36757761,Supply Of Tens Machine,INR4.00Lacs,25-11-2020,"Rajasthan, India"
36757775,Providing Of Tmt(Treadmill Test) Machine.,INR18.00Lacs,25-11-2020,"Rajasthan, India"
36802435,Sitc Of Lig Device Along With Allied Wor,Refer Document,25-11-2020,"Maharashtra, India"
36803844,Supply Of Blood Fluid Warmer.,Refer Document,25-11-2020,"Puducherry, India"
36811924,Reagents For Oximeter/Blood Gas Analyzer Make - Instruments Lab Model - Gem Premier 3000,INR20.00Lacs,25-11-2020,"Rajasthan, India"
36825694,Supply Of Toracic Catheter / Drainage Tube - 32 Fr. Pvc Thoracic Drainage Tube With End Hole And Multi Ple Side Holes With Other End Having A Christmas Tree Type Connector With A Radio Opaque Blue Line Size = 32 Fr,Refer Document,25-11-2020,"Tamil Nadu, India"
36825712,Supply Of Thoracic Catheter / Drainage Tube Right Angled Pvc Thoracic Drainage Tube With End Hole And Multiple Side Holes And Having A Right Angle Bend With The Other End Having Christmas Tree Type Connector With A Raido Opaque Blue Line Size - 32 Fr.,Refer Document,25-11-2020,"Tamil Nadu, India"
36858401,"Supply Of Consumables/Non-Consumables Items To The Dept Of Neurology Department - Cryo-Vials, Dextran, Mesencult - Acf Culture Medium Supplemented With L-Glutamine, Matri-Gel, Beta-Fgf-2 Recombinant, Luminol Dye, Cover Slips, Coplin Jars, Fetal Bovine Serum, Ultracentrifuge Tubes, Dmem Medium With Low Glucose Supplemented With L-Glutamine, Histopaque-1077 Solution, Human Collagenase-I",Refer Document,25-11-2020,"Puducherry, India"
36861664,Supply Of Ecg Electrodes.,Refer Document,25-11-2020,"Rajasthan, India"
36878500,"Procurement Of Super High Pressure Dilation Catheter For Cto With An Entry Profile Of 0.014"" 23 Atm Rbp 0.085 X 10 Mm Plaque Modification Device For Highly Calcification Lesions 35 Bar -Rbp & 45 Bar Twin Layer",Refer Document,25-11-2020,"West Bengal, India"
36878688,"Supply Of Sirolimous Eluting Tapering On Cobalt Chromium Platform With Active Coating ,Hybrid Stent With Biodegrable Polymer.Size-**Diameter:-2.25 Mm To 4.5 Mm Length :- Up To 50/ 60 Mm Size Must Be Available As A Single Stent. [Item Code No S62072 , Sl No 1574 ]",Refer Document,25-11-2020,"West Bengal, India"
36879828,Gem Tender For Supply Of Adult Ventilator Tubings With Heated Wire By BioMedical Engineering Division,Refer Document,25-11-2020,"Multi State, India"
36902472,"Supply Of Ice Compression Wraps - Size 4"" X 50"" Specifications - 1) Made Up By Chemical Free Cooling Technology Fibres,Dry Cooling Technology, Flexible Fibres Solution To Combine Ice Compression & Without Dripping Of Water Drops From The Wrap During Application. 2) Reusable & Machine Washable, 3) Latex & Chemical Free",Refer Document,25-11-2020,"Maharashtra, India"
36902659,Procurement Of Biphasic Defibrilator (Paediatric And Neonatal) For The Use In Paediatric Dept. At Byculla Hospital.,Refer Document,25-11-2020,"Maharashtra, India"
36934861,"Supply Of Different Medical Equipment - Torch, Mouth Mirror, Led Torch, Examination Lamp, Cuscus'S Vaginal Speculum, Distilled Water, Wooden Sticks (Disposable)",Refer Document,25-11-2020,"West Bengal, India"
36940480,"Supply Of Different Medical Equipment- Torch, Mouth Mirror, Led Torch, Examination Lamp, Cuscus Veginal Speculum, Distilled Water, Wooden Sticks",Refer Document,25-11-2020,"West Bengal, India"
36948447,Supply Of Tsh (60 Test).,Refer Document,25-11-2020,"Uttar Pradesh, India"
36957317,Supply Of High Vacuum Suction Machine For Medical Purposes,Refer Document,25-11-2020,"Karnataka, India"
36957649,Supply Of Binocular Indirect Ophthalmoscope -(Rbsk),Refer Document,25-11-2020,"Telangana, India"
36968772,Supply Of Digital Photo Slit Lamp With Applanation Tonometer,Refer Document,25-11-2020,"Telangana, India"
36969988,Sale Of Fresh Frozen Plasma & Frozen Plasma. (Hindi Document),INR1.00Lacs,25-11-2020,"Rajasthan, India"
37004404,"Procurement Of General Surgical Instruments For Department Of Ctvs, At Aiims Raipur - 1. Double Blade Sternal Retractor (Small) 2, 2. Double Blade Sternal Retractor (Medium) 3, 3. Double Blade Sternal Retractor (Large) 2, 4. Right Angle (Fine Tip) 6 Inch 3, 5. Mastriod Retractor (Small) 2, 6. Mastriod Retractor (Adult) Breakable 2, 7. Russian Forcep 8 Inch (Long) 2, 8. Mayo Scissors Heavy Curved 6 Inch 4, 9. Mayo Scissors Heavy Straight 7 Inch 4, 10. Metazabaum Scissors Tc Handle Small 7 Inch 6,.....",Refer Document,25-11-2020,"Chhattisgarh, India"
37024574,Gem Tender (Ra) For Supply Of Tabletop Standalone Pulse Oximeter With Low Perfusion Detection Technology - 6 Nos,Refer Document,25-11-2020,"Puducherry, India"
37034104,"Quotation For EquipmentS Of Pediatric Unit In Physiotherapy Opd _ Therapy Mats, Balance Tilt Board, Prone Wedge.",Refer Document,25-11-2020,"Delhi, India"
37055263,"Procurement Of Hbv-1 Probe,Hbv-2 Probe & Hbv-3 Probe For Microbiology Department, At Aiims Raipur.",Refer Document,25-11-2020,"Chhattisgarh, India"
37063724,Procurement Of Medical Stores,Refer Document,25-11-2020,"West Bengal, India"
37063726,Procurement Of Medical Stores,Refer Document,25-11-2020,"West Bengal, India"
37063728,Procurement Of Medical Stores,Refer Document,25-11-2020,"West Bengal, India"
37063729,Procurement Of Medical Stores,Refer Document,25-11-2020,"West Bengal, India"
37063730,Procurement Of Medical Stores,Refer Document,25-11-2020,"West Bengal, India"
37063731,Procurement Of Medical Stores,Refer Document,25-11-2020,"West Bengal, India"
37063733,Procurement Of Medical Stores,Refer Document,25-11-2020,"West Bengal, India"
37063736,Procurement Of Medical Stores,Refer Document,25-11-2020,"West Bengal, India"
37065303,"Supply Of Accessories Required For Angiographic Procedures In Cardiac Cath Lab In Cardiology Department Under The Annual Rate Contact Basis,Hms Gmch- Diagnostic Catheter, Guide Wire, Arterial Punture Needle, Side Arm Sheath, Guide Catheter, Ptca Guide Wire, Ptca Baloon Catheters, Nc Baloon, Manifold, Control Syringe, Pressure Line, Y Connector, Inflation Device, Connecting Tube, Contrast Dyes, Tirofiban Infusion, Abciximab Infusion, Thrombosuction Cather, Terumo Wire, Act Cartridge, Luer Lock Sy.....",Refer Document,25-11-2020,"Assam, India"
37074664,Supply Of Electro Cautery Machine,INR2.00Lacs,25-11-2020,"Karnataka, India"
37074862,Supply Of Pulse Oximeter,INR6.00Lacs,25-11-2020,"Puducherry, India"
37081286,Procurement Of Medical Stores : 1.02 Tracheostomy Tube Double Lumen With Cuff Fenestrated Size 7.0 Mm 1.03 Tracheostomy Tube Double Lumen With Cuff Fenestrated Size 7.5 Mm 1.04 Tracheostomy Tube Double Lumen With Cuff Fenestrated Size 8.0 Mm 1.05 Pope Ear Wick 24x9 Mm 1.06 Pva Nasal Packing 10 Cm 1.07 Pva Nasal Packing 8 Cm 1.08 Ribbon Gauze Broad 1.09 Ribbon Gauze Narrow 10 Liquid Antiseptic (Salvon) Bott Of 500 Ml 11 Spray Lignocane 10% 12 Inj Lignocaine Hcl 4% Topical Solution 13 Chloramophen.....,Refer Document,25-11-2020,"West Bengal, India"
37082350,Supply Of Hand Grip Id 22 Mm.,Refer Document,25-11-2020,"Multi State, India"
37090276,"Providing Medical Equipment, Oxygen Cylinder And Other Accessories To 2 New Ambulances,Dhfws, Mandya",Refer Document,25-11-2020,"Karnataka, India"
37111999,"Procurement Of Rtpcr Machines, Pediatric Mannequins And Stirrup Pumps To Various Govt. Hospitals In Andhra Pradesh",Refer Document,25-11-2020,"Andhra Pradesh, India"
37114705,"Supply Of Surgical Item Tablet, Injection, X-Ray, Laboratory Chemicals And Material, Miscellaneous, Ot & Other Surgical, Dailysis And Neuro Ot Material, Cardiac & Cathlab Material, Suture Material, On Consignment Material. (Hindi Image)",Refer Document,r Document,"Maharashtra, India"
37130477,Supply Of Infusion Pump Volumetric/ Syringe Based,Refer Document,25-11-2020,"Rajasthan, India"
37145073,"Supply Of Surgical Catheter Mount, Hot Water Bag, P.D. Catheter To Nrsmch.",Refer Document,25-11-2020,"West Bengal, India"
37151839,"Supply Of Urethral Urinary Catheters Or Foley Catheter,Urethral Urinary Catheters Or Foley Catheter",Refer Document,25-11-2020,"Telangana, India"
37174453,Supply Of Flourescene Strips,Refer Document,25-11-2020,"Uttar Pradesh, India"
37174507,Supply Of Rheumatoid Factor Kit (Ra Factor) With Controls & Accessories (Latex Agglutination Method),Refer Document,25-11-2020,"Uttar Pradesh, India"
37174626,"Supply Of Formalin Solution Ip, /450 Ml. Bottle",Refer Document,25-11-2020,"Uttar Pradesh, India"
37174734,"Supply Of Hematology Control, Boule , Level 2 (Normal)",Refer Document,25-11-2020,"Uttar Pradesh, India"
37174758,Supply Of Mer Silk Sutu Pack No. 1/0 Sw-214 Box Of 12,Refer Document,25-11-2020,"Uttar Pradesh, India"
37174800,Supply Of Carbol Fuchsin Stain 125 Ml/Pack,Refer Document,25-11-2020,"Uttar Pradesh, India"
37174894,Supply Of Ophthalmic Microsurgey Knife (Sideport),Refer Document,25-11-2020,"Uttar Pradesh, India"
37174902,Supply Of Airway 4 No. (Adult) Specn: Airway 4 No. (Adult),Refer Document,25-11-2020,"Uttar Pradesh, India"
37175129,Supply Of Field Stain A 1*500ml,Refer Document,25-11-2020,"Uttar Pradesh, India"
37188764,Supply Of Oxygen Concentrator.,Refer Document,25-11-2020,"Bihar, India"
36775492,Tender For Purchase Of Extra Neutral Alcoho,Refer Document,24-11-2020,"Kerala, India"
36313493,"Supply Of Lab Reagent - 100x Lens, 10x Lens, 40x Lens, Ammonia Concentrated, Anti Rh 10 Ml, Anti A 10 Ml, Anti A1 10 Ml, Anti Ab 10 Ml, Anti Abd 10 Ml, Anti D Igg+Igm, Anti D Inj, Aslo Kit 30 Test, B.P. Instrument, B.Sugar Kit End Point (Semi Auto Analyzer) 1000ml, B.Urea Kit End Point (Semi Auto Analyzer) 1000ml, Band - Aid, Barium Chlorid Solution, Bbr Round Graph 2°C To 8° C, Beaker 250 Ml Glass, Beaker Glass 500 Ml, Blood Bag 100 Ml Cpda, Blood Bag 350 Ml Cpda (Single), Blood Bag 350 Ml Doub.....",INR30.00Lacs,24-11-2020,"Rajasthan, India"
36489245,Rate Contract To Execute Supply Of Veterinary Medicines And Others,Refer Document,24-11-2020,"Jharkhand, India"
36679558,Provision Of Computed Tomography (Ct) Scan,Refer Document,24-11-2020,"Tripura, India"
36899026,Procurement Of Medical Equipment For Medical College And Hospital - Computerised Tonometer With Pachymeter,Refer Document,24-11-2020,"West Bengal, India"
36914037,"Supply Of Surgical Products - Disp. Syringe10ml, Disp. Syringe 5ml, Disp. Syringe 2ml, Insulin Syringe 1ml, Disp. Needle, 18, Disp. Needle 20, Disp. Needle 21, Disp. Needle 22, Disp. Needle 23, Scalp Vein 20, Scalp Vein 21, Scalp Vein 22, Scalp Vein 23, Scalp Vein 24, Microdip Set, Urin Strip, Threeway Connection, I.V Cannula 18, I.V Cannula 20, I.V Cannula 22, B.T Set, Urin Bag, Disp. Face Mask, I.V Set, Makintosh, Scissers (Straight / Angled), B.P. Apparatus, Stethoscope, Chati With Cover, Amb.....",Refer Document,24-11-2020,"Maharashtra, India"
36914072,"Services X Ray Sonography Test - Digital X Ray, Chest Pa, Chest Ap/Oblique, Chest Side Ribs, Abdomen Supine, Abdomen Standing, Kub, Dorso Lumber Spine Ap/Lat, Lumbo Sacral Spine Ap/Lat, Cervical Spine Ap/Lat, Skull Ap/Lat, Pns W/C, Mastoid, Bones/Joints, Knee Joint Ap/Lat, Ankle Joint Ap/Lat, Femur Ap/Lat, Leg Ap/Lat, Wrist Ap/Lat, Hand Ap/Lat, Forearm Ap/Lat, Arm Ap/Lat, Elbow Ap/Lat, Shoulder Joint Ap/Lat, Hip Ap/Lat, Pelvis Ap/Lat, Pelvis Both Hips Ap/Lat, Index Finger Ap/Lat, Digital X-Ray .....",Refer Document,24-11-2020,"Maharashtra, India"
36918749,"Procurement Of Machinery EquipmentS For H. P. Government Dental College Hospital, Shimla - Endosonic Handpieces-Physiosaline EquipmentS, Micro Endosonic Tips, Retro Treatment, EquipmentS For Injectable Thermoplasticised Gutta Percha, Sterilizer Tray, Magnification Loups, Face Bow With Semi Adjustable Articulator, Instrument Retrieval Kit, Intra Oral Camera, Digital Camera, Reducer And Polisher (Electro Polisher), X-Ray Viewer, Dslr Camera, Base Former, Spot Welder, Polishing Lathe, Tracing Table.....",Refer Document,24-11-2020,"Himachal Pradesh, India"
36943372,Sale Of Fresh Frozen Plasma And Frozen Plasma,Refer Document,24-11-2020,"Rajasthan, India"
36926923,Tender For Procurement Of Machinery & EquipmentS Machinery & EquipmentS 2020-21 - Hd Video Otoscope.,Refer Document,24-11-2020,"Maharashtra, India"
36931252,Supply Of Hemodialysis Machine,Refer Document,24-11-2020,"Uttar Pradesh, India"
36931340,Supply Of Perimeter Priestly Smith S/Lp.984 B And T,Refer Document,24-11-2020,"Uttar Pradesh, India"
37019210,"Tender For Purchase Of Radio Pharmaceutical Products, Fdg - 18 Fet, 18 Fdg Calibrated For 9:00, Am On The Day Of Delivery, 18 F Psma, 18 F Dopa",INR25.00Lacs,24-11-2020,"Uttar Pradesh, India"
36555927,Online Tender For Rate Contract Of Ayush EquipmentS To Be Supplied And Installed At Various Hospitals Of Government Of Madhya Pradesh For A Period Of 18 Months,Refer Document,24-11-2020,"Madhya Pradesh, India"
36789871,Corrigendum : Supply Of Handheld Electro Cardiography,Refer Document,24-11-2020,"Chandigarh, India"
37049872,Procurement Of Cyanide Anti Dote Kit For Process Shop Nay(Kochi),Refer Document,24-11-2020,"Kerala, India"
36546627,E-Tender For Supply Of Capsule Endoscopy System Under Buyback For Department Of Gi Medicine,Refer Document,24-11-2020,"Madhya Pradesh, India"
36698231,Corrigendum : Supply Of Stemum Saw Andrestemos,INR7.00Lacs,24-11-2020,"Maharashtra, India"
36702941,Corrigendum : Supply Of Dialyzer Reprocessing Unit 2019-20,INR9.00Lacs,24-11-2020,"Maharashtra, India"
36702961,Corrigendum : Supply Of Ventilator /2019-20,INR16.38Lacs,24-11-2020,"Maharashtra, India"
36773904,Procurement Of Medical Stores : Miscellaneous Goods,Refer Document,24-11-2020,"West Bengal, India"
36971570,"Supply Of Expendable Medical Store - Kit For Estimation Of Glucose 2 X 200 Ml Test Kit , Kit For Estimation Of Cholesterol , 5*20 Ml, Kit For Estimation Of Creatnine Test(4x60 Ml), Kit For Estimation Of Dengue ( 25 Test ), Kit For Estimation Of Hbsag Test (Pack Of 30), Kit For Estimation Of Sgot(5x20ml), Kit For Estimation Of Sgpt(5x20ml), Kit For Estimation Of Triglyceride 100 Ml, Kit For Estimation Of Typhoid (Widal Test 4x5ml), Kit For Estimation Of Urea 100 Ml, Kit For Estimation Of Uric A.....",Refer Document,24-11-2020,"Madhya Pradesh, India"
